[
    {
        "url": "http://static.21cnimg.com/css/index/img-index_20130809/21cn_logo.png",
        "title": "21cn logo"
    },
    {
        "url": "http://static.21cnimg.com/zt/www/2015/indextext/kanjianer.png",
        "title": "二维码"
    },
    {
        "url": "http://static.21cnimg.com/zt/www/2016/indextext/onesnatch.png",
        "title": "快乐夺宝"
    },
    {
        "url": "http://static.21cnimg.com/zt/www/2015/kanjiannew/index_new_03.png",
        "title": "看荐"
    },
    {
        "url": "http://static.21cnimg.com/zt/www/2015/kanjiandownload/btn-ios-n.png",
        "title": "iOS按钮"
    },
    {
        "url": "http://static.21cnimg.com/zt/www/2015/kanjiandownload/btn-android.png",
        "title": "Android按钮"
    },
    {
        "url": "http://static.e.189.cn/e/images/img-login/login-success.png",
        "title": "登录成功"
    },
    {
        "url": "http://nb.189.cn/webapp/portable/web/images/righticon/app.png",
        "title": "流量宝二维码"
    },
    {
        "url": "http://webmail14.189.cn/webmail/jsp/189misc/client/images/icon2bg.png",
        "title": "邮箱小图标"
    },
    {
        "url": "http://1.vip.189.cn/front/images/logo_save.png",
        "title": "快乐夺宝大logo"
    },
    {
        "url": "http://1.vip.189.cn/front/images/car2.png",
        "title": "快乐夺宝小推车"
    },
    {
        "url": "http://webmail14.189.cn/webmail/jsp/189misc/client/images/icon1circle.png",
        "title": "邮箱圆形图标"
    },
    {
        "url": "http://webmail14.189.cn/webmail/jsp/189misc/client/images/rightmail.png",
        "title": "邮件图标"
    },
    {
        "url": "http://webmail14.189.cn/webmail/jsp/189misc/client/images/leftphone.png",
        "title": "邮箱箭头图标"
    },
    {
        "url": "http://webmail14.189.cn/webmail/jsp/189misc/client/images/clock.png",
        "title": "邮箱时钟"
    },
    {
        "url": "http://cloud.189.cn/css/7.3.0/open/developer/img/banner.png",
        "title": "天翼云能力开放banner"
    },
    {
        "url": "http://cloud.189.cn/css/7.3.0/open/developer/img/telecom_logo.png",
        "title": "天翼云能力开放-中国电信"
    },
    {
        "url": "http://cloud.189.cn/source/images/login_logo2.png",
        "title": "天翼云登录logo"
    },
    {
        "url": "http://static.21cnimg.com/img/www/img-index/link-img/telecom.png",
        "title": "中国电信"
    },
    {
        "url": "http://static.21cnimg.com/img/www/img-index/link-img/police.png",
        "title": "广州网络警察报警平台"
    }
]